ID,Intercept,devpressure_2001,ag_2001_smooth_perc,dist_to_city_boundaries_km,dist_to_protected_km,forest_2001_smooth_perc,road_dens_perc,slope
37,-2.246577458,0.043047581,-0.018083552,-0.099658991,-0.075610951,0.005460864,0.104385066,-0.099207219
63,-0.110594983,0.00384807,-0.018083552,-0.099658991,-0.075610951,0.005460864,0.104385066,-0.099207219
101,-0.292427116,0.036410866,-0.018083552,-0.099658991,-0.075610951,0.005460864,0.104385066,-0.099207219
105,-1.870220129,0.024902311,-0.018083552,-0.099658991,-0.075610951,0.005460864,0.104385066,-0.099207219
125,-2.22857747,0.023740168,-0.018083552,-0.099658991,-0.075610951,0.005460864,0.104385066,-0.099207219
135,-3.090384252,0.049181958,-0.018083552,-0.099658991,-0.075610951,0.005460864,0.104385066,-0.099207219
183,-0.27172087,0.038809252,-0.018083552,-0.099658991,-0.075610951,0.005460864,0.104385066,-0.099207219
