ID,Intercept,dist_to_city_boundaries_km,dist_to_downtown_km,dist_to_industrial_km,dist_to_low_den_residential_km,dist_to_planned_dev_km,dist_to_protected_km,dist_to_water_km,forest_2001_smooth_perc,road_dens_perc,slope
37,1.98741391374943,-0.0968356926730833,-0.0187925949990412,0.114083353197393,-0.0307226509629419,-0.044888966988393,-0.233392081624544,0.586712791786089,-0.0577388949752464,0.229762457243446,0.0901393971703184
63,1.98741391374943,-0.0968356926730833,-0.0187925949990412,0.114083353197393,-0.0307226509629419,-0.044888966988393,-0.233392081624544,0.586712791786089,-0.0577388949752464,0.229762457243446,0.0901393971703184
101,1.98741391374943,-0.0968356926730833,-0.0187925949990412,0.114083353197393,-0.0307226509629419,-0.044888966988393,-0.233392081624544,0.586712791786089,-0.0577388949752464,0.229762457243446,0.0901393971703184
105,1.98741391374943,-0.0968356926730833,-0.0187925949990412,0.114083353197393,-0.0307226509629419,-0.044888966988393,-0.233392081624544,0.586712791786089,-0.0577388949752464,0.229762457243446,0.0901393971703184
125,1.98741391374943,-0.0968356926730833,-0.0187925949990412,0.114083353197393,-0.0307226509629419,-0.044888966988393,-0.233392081624544,0.586712791786089,-0.0577388949752464,0.229762457243446,0.0901393971703184
135,1.98741391374943,-0.0968356926730833,-0.0187925949990412,0.114083353197393,-0.0307226509629419,-0.044888966988393,-0.233392081624544,0.586712791786089,-0.0577388949752464,0.229762457243446,0.0901393971703184
183,1.98741391374943,-0.0968356926730833,-0.0187925949990412,0.114083353197393,-0.0307226509629419,-0.044888966988393,-0.233392081624544,0.586712791786089,-0.0577388949752464,0.229762457243446,0.0901393971703184
