ID,Intercept,dist_to_mixeduse_km,dist_to_protected_km,dist_to_water_km,forest_2001_smooth_perc,road_dens_perc,slope
37,0.929810876588709,-0.0982027745214268,-0.20433610844872,0.625230760336368,-0.050198126451707,0.226711087926269,0.112674326502275
63,1.22871463580539,-0.0982027745214268,-0.20433610844872,0.625230760336368,-0.050198126451707,0.226711087926269,0.112674326502275
101,0.960131567339577,-0.0982027745214268,-0.20433610844872,0.625230760336368,-0.050198126451707,0.226711087926269,0.112674326502275
105,0.963331992448007,-0.0982027745214268,-0.20433610844872,0.625230760336368,-0.050198126451707,0.226711087926269,0.112674326502275
125,1.29524002597694,-0.0982027745214268,-0.20433610844872,0.625230760336368,-0.050198126451707,0.226711087926269,0.112674326502275
135,0.878946908266138,-0.0982027745214268,-0.20433610844872,0.625230760336368,-0.050198126451707,0.226711087926269,0.112674326502275
183,1.67268637395676,-0.0982027745214268,-0.20433610844872,0.625230760336368,-0.050198126451707,0.226711087926269,0.112674326502275
