ID,Intercept,dist_to_high_den_residential_km,dist_to_industrial_km,dist_to_low_den_residential_km,dist_to_mixeduse_km,dist_to_planned_dev_km,dist_to_protected_km,dist_to_water_km,forest_2001_smooth_perc,road_dens_perc,slope
37,1.5576152251784,-0.563313307801082,0.120208396541899,-0.0344875328460009,-0.107203079462385,-0.0245350607659549,-0.191316196771461,0.618179237339144,-0.0566340108136396,0.253344517690347,0.0893551331337095
63,1.68129524340732,-0.563313307801082,0.120208396541899,-0.0344875328460009,-0.107203079462385,-0.0245350607659549,-0.191316196771461,0.618179237339144,-0.0566340108136396,0.253344517690347,0.0893551331337095
101,1.66736628547871,-0.563313307801082,0.120208396541899,-0.0344875328460009,-0.107203079462385,-0.0245350607659549,-0.191316196771461,0.618179237339144,-0.0566340108136396,0.253344517690347,0.0893551331337095
105,1.6440431722815,-0.563313307801082,0.120208396541899,-0.0344875328460009,-0.107203079462385,-0.0245350607659549,-0.191316196771461,0.618179237339144,-0.0566340108136396,0.253344517690347,0.0893551331337095
125,1.72999006503233,-0.563313307801082,0.120208396541899,-0.0344875328460009,-0.107203079462385,-0.0245350607659549,-0.191316196771461,0.618179237339144,-0.0566340108136396,0.253344517690347,0.0893551331337095
135,1.50557861837996,-0.563313307801082,0.120208396541899,-0.0344875328460009,-0.107203079462385,-0.0245350607659549,-0.191316196771461,0.618179237339144,-0.0566340108136396,0.253344517690347,0.0893551331337095
183,1.87998755940919,-0.563313307801082,0.120208396541899,-0.0344875328460009,-0.107203079462385,-0.0245350607659549,-0.191316196771461,0.618179237339144,-0.0566340108136396,0.253344517690347,0.0893551331337095
