ID,Intercept,devpressure_30_05_01_2001,dist_to_city_boundaries_km,dist_to_protected_km,dist_to_water_km,forest_2001_smooth_perc,road_dens_perc,slope
37,0.400963676547504,0.0159104150797732,-0.0535010304884664,-0.275204245503193,0.705984539968735,-0.0521351270793667,0.208590905745429,0.136368884095334
63,1.42589224181432,-0.00586246428656634,-0.0535010304884664,-0.275204245503193,0.705984539968735,-0.0521351270793667,0.208590905745429,0.136368884095334
101,0.596231291594817,0.011762166114612,-0.0535010304884664,-0.275204245503193,0.705984539968735,-0.0521351270793667,0.208590905745429,0.136368884095334
105,1.12147916399467,0.00060396045557616,-0.0535010304884664,-0.275204245503193,0.705984539968735,-0.0521351270793667,0.208590905745429,0.136368884095334
125,0.262030566075524,0.0188615821094027,-0.0535010304884664,-0.275204245503193,0.705984539968735,-0.0521351270793667,0.208590905745429,0.136368884095334
135,0.190282868011666,0.0203858775268876,-0.0535010304884664,-0.275204245503193,0.705984539968735,-0.0521351270793667,0.208590905745429,0.136368884095334
183,2.00818074615028,-0.0182317971880358,-0.0535010304884664,-0.275204245503193,0.705984539968735,-0.0521351270793667,0.208590905745429,0.136368884095334
